{"epoch": [0, 1, 2, 3, 4, 5, 6, 7, 8, 9, 10, 11, 12, 13, 14, 15, 16, 17, 18, 19, 20, 21, 22, 23, 24, 25, 26, 27, 28, 29, 30, 31, 32, 33, 34, 35, 36, 37, 38, 39, 40, 41, 42, 43, 44, 45, 46, 47, 48, 49, 50, 51, 52, 53, 54, 55, 56, 57, 58, 59, 60, 61, 62, 63, 64, 65, 66, 67, 68, 69, 70, 71, 72, 73, 74, 75, 76, 77, 78, 79, 80, 81, 82, 83, 84, 85, 86, 87, 88, 89, 90, 91, 92, 93, 94, 95, 96, 97, 98, 99], "lr": [0.01, 0.009000000000000001, 0.009000000000000001, 0.009000000000000001, 0.009000000000000001, 0.009000000000000001, 0.009000000000000001, 0.009000000000000001, 0.009000000000000001, 0.009000000000000001, 0.009000000000000001, 0.009000000000000001, 0.009000000000000001, 0.009000000000000001, 0.009000000000000001, 0.009000000000000001, 0.009000000000000001, 0.009000000000000001, 0.009000000000000001, 0.009000000000000001, 0.009000000000000001, 0.008100000000000001, 0.008100000000000001, 0.008100000000000001, 0.008100000000000001, 0.008100000000000001, 0.008100000000000001, 0.008100000000000001, 0.008100000000000001, 0.008100000000000001, 0.008100000000000001, 0.008100000000000001, 0.008100000000000001, 0.008100000000000001, 0.008100000000000001, 0.008100000000000001, 0.008100000000000001, 0.008100000000000001, 0.008100000000000001, 0.008100000000000001, 0.008100000000000001, 0.007290000000000001, 0.007290000000000001, 0.007290000000000001, 0.007290000000000001, 0.007290000000000001, 0.007290000000000001, 0.007290000000000001, 0.007290000000000001, 0.007290000000000001, 0.007290000000000001, 0.007290000000000001, 0.007290000000000001, 0.007290000000000001, 0.007290000000000001, 0.007290000000000001, 0.007290000000000001, 0.007290000000000001, 0.007290000000000001, 0.007290000000000001, 0.007290000000000001, 0.006561000000000002, 0.006561000000000002, 0.006561000000000002, 0.006561000000000002, 0.006561000000000002, 0.006561000000000002, 0.006561000000000002, 0.006561000000000002, 0.006561000000000002, 0.006561000000000002, 0.006561000000000002, 0.006561000000000002, 0.006561000000000002, 0.006561000000000002, 0.006561000000000002, 0.006561000000000002, 0.006561000000000002, 0.006561000000000002, 0.006561000000000002, 0.006561000000000002, 0.005904900000000002, 0.005904900000000002, 0.005904900000000002, 0.005904900000000002, 0.005904900000000002, 0.005904900000000002, 0.005904900000000002, 0.005904900000000002, 0.005904900000000002, 0.005904900000000002, 0.005904900000000002, 0.005904900000000002, 0.005904900000000002, 0.005904900000000002, 0.005904900000000002, 0.005904900000000002, 0.005904900000000002, 0.005904900000000002, 0.005904900000000002], "train_set": 860, "val_set": 79, "test_set": 157, "train_avg_negloglik": [2.6644469590620563, 1.6471424076427112, 1.0158450202248313, 0.5807126218925823, 0.2772102245092392, 0.06058174338990992, -0.1307050814000043, -0.2815139221169732, -0.42989656267599624, -0.5311581039255315, -0.6286043113101613, -0.7132787091255188, -0.7780935874071988, -0.851275158032504, -0.8995826067317616, -0.9496989552584562, -0.9861024337074973, -1.0325670197573575, -1.0769350245735863, -1.1077374856081876, -1.145645534619418, -1.1874896987221457, -1.205270755143599, -1.239393058499423, -1.2488373654452236, -1.2748967235218396, -1.304264463077892, -1.320360078083385, -1.3403201756910845, -1.3557868748751554, -1.3729100376822732, -1.3771327868374912, -1.4036343700755727, -1.410264677914706, -1.430431026805531, -1.4408367867903276, -1.451204588872736, -1.4640821748906916, -1.468996367142417, -1.4821144856539639, -1.4901761363636363, -1.5015281933871183, -1.5161123569835315, -1.520605783289129, -1.5272430960915306, -1.5322651892922141, -1.5409640527898616, -1.5405488121726296, -1.5573874198219992, -1.5641725748235529, -1.55914942037409, -1.5693353019714356, -1.573033078211004, -1.5877787148909135, -1.5823849169644442, -1.579996127874201, -1.5930215160716663, -1.5939543768449262, -1.608520143474232, -1.6049222775892777, -1.6061387503190474, -1.6222892439408736, -1.6245321468006482, -1.6316118139093572, -1.6317255382884632, -1.6364011598413641, -1.6407893870960581, -1.642614752960205, -1.6515684797113592, -1.651168677035245, -1.6501329886002973, -1.6589483649167147, -1.66864565485174, -1.672827263849432, -1.6615828170776368, -1.6645347284490413, -1.672011847894842, -1.6764851895419035, -1.6816213023792614, -1.6842338356711648, -1.6785785124345258, -1.6940159392270175, -1.6975572416132148, -1.7001750427246094, -1.692670936237682, -1.7003436979814008, -1.7107595119129528, -1.7088102405894887, -1.7108551230690696, -1.7068557599154386, -1.7184031706029719, -1.717373544519598, -1.723081858548251, -1.7237180647416548, -1.722402961730957, -1.7281327047174626, -1.726317497808283, -1.7309274530584162, -1.736377481911399, -1.7343282170382412], "val_avg_negloglik": [2.096671674346924, 0.9642249904632568, 0.41235116443634034, -0.014473164224624633, -0.1491068740606308, -0.4326850682258606, -0.6111069607496261, -0.7485493148803711, -0.8028551223754883, -0.8979615947723388, -0.9520596912384033, -1.1027964365005494, -1.1322191707611085, -1.2153556812286377, -1.2571458005905152, -1.300239835357666, -1.3177834274291993, -1.3583133155822753, -1.365206951713562, -1.392319363975525, -1.4501274806976319, -1.4353581651687621, -1.4750466068267822, -1.5303195714950562, -1.5573011785507203, -1.552634793663025, -1.605768297767639, -1.6242657249450683, -1.6141193645477294, -1.6257168594360352, -1.6587910175323486, -1.66770703830719, -1.6896440910339356, -1.6581979782104492, -1.656423435974121, -1.7212444023132325, -1.7209945739746093, -1.7179804327011108, -1.6352105186462402, -1.710708744430542, -1.7353681632995606, -1.7449366537094115, -1.7728354124069214, -1.7479571926116944, -1.7680755401611328, -1.7693533966064454, -1.763510464477539, -1.7757824935913087, -1.7910935014724731, -1.7584583488464356, -1.791540263557434, -1.7676888637542725, -1.789110649871826, -1.821940162372589, -1.793584780883789, -1.8058383529663087, -1.8099816177368164, -1.8101645149230956, -1.8165824058532716, -1.8357880100250243, -1.825391150856018, -1.8112686561584472, -1.8098788303375244, -1.8551795108795166, -1.8231941215515137, -1.8434293647766113, -1.851891664505005, -1.8619419046401977, -1.8727470314025878, -1.8509555276870728, -1.8720441368103027, -1.8579500728607177, -1.8386893226623535, -1.814341982269287, -1.8788197786331178, -1.859216153717041, -1.8773931869506837, -1.866822995376587, -1.871457741355896, -1.8106820068359375, -1.8292054260253907, -1.9056151386260987, -1.884089588546753, -1.9015923707962037, -1.8426945037841798, -1.8850853546142579, -1.91038451461792, -1.8959197841644286, -1.8969722038269043, -1.9049376138687133, -1.8791305767059325, -1.9197252025604248, -1.89390205078125, -1.9185938861846923, -1.9107430744171143, -1.9100120361328126, -1.9043635656356812, -1.9180359966278075, -1.9100004970550537, -1.9175398593902588], "val_acc": [0.3454, 0.684, 0.7568, 0.835, 0.8304, 0.8652, 0.8894, 0.8928, 0.899, 0.9094, 0.9188, 0.924, 0.9318, 0.9318, 0.9334, 0.938, 0.938, 0.9434, 0.9448, 0.9446, 0.9444, 0.9454, 0.9482, 0.948, 0.9532, 0.9508, 0.9558, 0.9556, 0.9576, 0.9556, 0.9602, 0.9608, 0.9612, 0.959, 0.9538, 0.9622, 0.9656, 0.9644, 0.958, 0.9618, 0.9646, 0.9648, 0.9668, 0.9636, 0.9668, 0.9656, 0.9682, 0.9684, 0.9692, 0.9652, 0.9656, 0.9664, 0.9698, 0.9706, 0.9682, 0.9698, 0.97, 0.9682, 0.9684, 0.9716, 0.9698, 0.9708, 0.9678, 0.9708, 0.9698, 0.971, 0.9726, 0.9728, 0.9718, 0.9722, 0.9728, 0.9702, 0.9714, 0.9662, 0.9706, 0.9702, 0.9746, 0.972, 0.9712, 0.9662, 0.968, 0.976, 0.9736, 0.974, 0.9702, 0.9708, 0.974, 0.972, 0.9736, 0.9742, 0.973, 0.9746, 0.9728, 0.9762, 0.9772, 0.9744, 0.9744, 0.9736, 0.9734, 0.9758], "test_avg_negloglik": -1.8633669017791747, "test_acc": 0.9702}
