{"epoch": [0, 1, 2, 3, 4, 5, 6, 7, 8, 9, 10, 11, 12, 13, 14, 15, 16, 17, 18, 19, 20, 21, 22, 23, 24, 25, 26, 27, 28, 29, 30, 31, 32, 33, 34, 35, 36, 37, 38, 39, 40, 41, 42, 43, 44, 45, 46, 47, 48, 49, 50, 51, 52, 53, 54, 55, 56, 57, 58, 59, 60, 61, 62, 63, 64, 65, 66, 67, 68, 69, 70, 71, 72, 73, 74, 75, 76, 77, 78, 79, 80, 81, 82, 83, 84, 85, 86, 87, 88, 89, 90, 91, 92, 93, 94, 95, 96, 97, 98, 99, 100, 101, 102, 103, 104], "lr": [0.01, 0.01, 0.01, 0.01, 0.01, 0.01, 0.01, 0.01, 0.01, 0.01, 0.01, 0.01, 0.01, 0.01, 0.01, 0.01, 0.01, 0.01, 0.01, 0.01, 0.01, 0.009000000000000001, 0.009000000000000001, 0.009000000000000001, 0.009000000000000001, 0.009000000000000001, 0.009000000000000001, 0.009000000000000001, 0.009000000000000001, 0.009000000000000001, 0.009000000000000001, 0.009000000000000001, 0.009000000000000001, 0.009000000000000001, 0.009000000000000001, 0.009000000000000001, 0.009000000000000001, 0.009000000000000001, 0.009000000000000001, 0.009000000000000001, 0.009000000000000001, 0.008100000000000001, 0.008100000000000001, 0.008100000000000001, 0.008100000000000001, 0.008100000000000001, 0.008100000000000001, 0.008100000000000001, 0.008100000000000001, 0.008100000000000001, 0.008100000000000001, 0.008100000000000001, 0.008100000000000001, 0.008100000000000001, 0.008100000000000001, 0.008100000000000001, 0.008100000000000001, 0.008100000000000001, 0.008100000000000001, 0.008100000000000001, 0.008100000000000001, 0.007290000000000001, 0.007290000000000001, 0.007290000000000001, 0.007290000000000001, 0.007290000000000001, 0.007290000000000001, 0.007290000000000001, 0.007290000000000001, 0.007290000000000001, 0.007290000000000001, 0.007290000000000001, 0.007290000000000001, 0.007290000000000001, 0.007290000000000001, 0.007290000000000001, 0.007290000000000001, 0.007290000000000001, 0.007290000000000001, 0.007290000000000001, 0.007290000000000001, 0.006561000000000002, 0.006561000000000002, 0.006561000000000002, 0.006561000000000002, 0.006561000000000002, 0.006561000000000002, 0.006561000000000002, 0.006561000000000002, 0.006561000000000002, 0.006561000000000002, 0.006561000000000002, 0.006561000000000002, 0.006561000000000002, 0.006561000000000002, 0.006561000000000002, 0.006561000000000002, 0.006561000000000002, 0.006561000000000002, 0.006561000000000002, 0.006561000000000002, 0.005904900000000002, 0.005904900000000002, 0.005904900000000002, 0.005904900000000002], "train_set": 860, "val_set": 79, "test_set": 157, "train_avg_negloglik": [2.506607346760143, 1.7219898163188587, 1.0417535808563232, 0.9916028172232888, 0.30314433348178865, 0.5428089487465945, -0.25202601146698, 0.1255985196980563, -0.525736734700203, -0.16939424203742634, -0.6896325312614441, -0.37807010424137116, -0.8027640810966492, -0.5145505098776384, -0.9896816297531128, -0.6245646907242862, -0.9130013053894043, -0.7237664367242292, -1.1840961212158203, -0.80897405128479, -1.220226979637146, -0.8864686026833274, -1.2379938299179076, -0.9567842131874778, -1.3189924865722655, -1.0231829533663663, -1.3501652896881104, -1.0755236584056507, -1.4718720582962037, -1.1323574632471258, -1.4749394283294677, -1.1944173787897283, -1.3616671838760377, -1.219693532076749, -1.5482297885894776, -1.2645787518587979, -1.5083432273864745, -1.3026395111777567, -1.6180505395889282, -1.3293525734641336, -1.6281871063232423, -1.3561241853193804, -1.651802532196045, -1.3846974655844948, -1.6332339431762695, -1.4010262510819869, -1.6560117504119873, -1.4252431497053666, -1.6942677375793458, -1.4414821314031427, -1.706594044303894, -1.453489956110174, -1.7402181854248047, -1.4786356905850497, -1.7260144416809082, -1.4902110615816984, -1.7598166675567628, -1.5073409341985529, -1.7550043727874756, -1.518089043114402, -1.7724348831176757, -1.5277666840986772, -1.7816044923782348, -1.5333758614280006, -1.6602450893402099, -1.5506517848621715, -1.8049720865249634, -1.5570826079628683, -1.7728977760314941, -1.572592167594216, -1.6960806846618652, -1.5749318162397905, -1.7806912437438964, -1.5849330995039506, -1.8147581230163574, -1.5865093740289862, -1.7887721565246582, -1.6028988845825196, -1.836616822052002, -1.600253568129106, -1.8000113639831543, -1.622643047540838, -1.8298280326843261, -1.626477022968639, -1.8282190864562988, -1.6270287755792792, -1.8419043346405028, -1.6232832998795943, -1.847923045349121, -1.6272474001797763, -1.8552657705307007, -1.6312655723571778, -1.8300489009857177, -1.6395561356977983, -1.8616455596923829, -1.658114842154763, -1.8617600318908691, -1.6535596309315075, -1.8607177421569825, -1.654607101579146, -1.8790101581573486, -1.6565330200888895, -1.8609740283966065, -1.6596578874067827, -1.8893270099639892, -1.6720266188188033, -1.8590065977096557, -1.6604497151461515, -1.8607449897766113, -1.667772055539218, -1.869981121635437, -1.671288124223189, -1.8718157203674317, -1.6704685356140136, -1.8834939002990723, -1.6757999654596503, -1.8640890830993653, -1.6810307853005149, -1.8735349739074707, -1.685005601501465, -1.8776626174926758, -1.6863401607166637, -1.8258189247131347, -1.6927264161543412, -1.9034305854797364, -1.6930184394142844, -1.8860627082824708, -1.7029588173606178, -1.903777294921875, -1.701196615045721, -1.8997385440826415, -1.7045134117820047, -1.8837393926620483, -1.6995818146445534, -1.8830567420959472, -1.7051198346224699, -1.8797257255554198, -1.7073936405528676, -1.8845599201202392, -1.7155927820379084, -1.9013147609710694, -1.7147255628412421, -1.9048183261871339, -1.717596362998269, -1.9169697631835938, -1.7241627815940164, -1.9056434795379638, -1.7200005937056109, -1.9213220375061035, -1.7215641510703348, -1.9101663232803345, -1.7286328617442739, -1.9215287134170531, -1.7303917267539284, -1.9179636838912963, -1.7200961119218305, -1.8733575016021728, -1.7249676587191496, -1.9131979080200194, -1.7306118642633612, -1.9171331314086915, -1.7363452981428666, -1.916432633972168, -1.7379810983137651, -1.9252719621658325, -1.7481199844360351, -1.921715241241455, -1.745162888058749, -1.9285979297637939, -1.7389693278225986, -1.9422876369476318, -1.7463280300487172, -1.9102460891723634, -1.7485245507673783, -1.910686678504944, -1.74197278955633, -1.900005696105957, -1.7516644061001865, -1.9137090682983398, -1.7451354336131704, -1.8859835253238677, -1.7478411686290394, -1.9203602573394776, -1.744947593827681, -1.9363780330657958, -1.7534997896367854, -1.9277775051116943, -1.7541961399425159, -1.9257068470001222, -1.759939362265847, -1.900642808532715, -1.7500833425348454, -1.931269213294983, -1.7575298997358841, -1.9129946434020997, -1.7625481896140358, -1.9492092231750489, -1.7588451877940785, -1.9384559944152833, -1.762578208437833, -1.932815726852417, -1.7700189447576349, -1.9407759437561034, -1.7701319636258213, -1.9496375204086305, -1.765162486891313, -1.9318646312713623, -1.7702451368852095, -1.9434041106939315],