{"epoch": [0, 1, 2, 3, 4, 5, 6, 7, 8, 9, 10, 11, 12, 13, 14, 15, 16, 17, 18, 19, 20, 21, 22, 23, 24, 25, 26, 27, 28, 29, 30, 31, 32, 33, 34, 35, 36, 37, 38, 39, 40, 41, 42, 43, 44, 45], "lr": [1e-05, 9e-06, 0.001, 0.001, 0.0001, 0.0001, 0.0001, 0.0001, 0.0001, 0.0001, 0.0001, 0.0001, 0.0001, 0.0001, 0.0001, 0.0001, 0.0001, 0.0001, 0.0001, 0.0001, 0.0001, 9e-05, 9e-05, 9e-05, 9e-05, 9e-05, 0.0001, 0.0001, 0.0001, 0.0001, 0.0001, 0.0001, 0.0001, 0.0001, 0.0001, 0.0001, 0.0001, 0.0001, 0.0001, 0.0001, 0.0001, 9e-05, 9e-05, 9e-05, 9e-05, 9e-05], "train_set": 235, "val_set": 8, "test_set": 8, "train_avg_negloglik": [10.366798567708333, 5.951366816711426, 0.9293008945147196, 0.34286002349853517, 0.12006265687743822, 0.09060687303543091, 0.028916525309284527, 0.08309705829620362, 0.019566643296182157, 0.07393585368990899, 0.01629378737906615, 0.054662208437919614, 0.008391284717122714, 0.04591111445426941, 0.0012486414114634195, 0.038666600704193116, -0.005214586495856444, 0.032785308361053464, -0.011100311151146888, 0.027390520095825197, -0.01649250422914823, 0.02131461489200592, -0.02144323772688707, 0.01628388547897339, -0.026012418069442114, 0.011514486491680145, -0.03025585809548696, 0.007571847796440124, -0.034211590013901394, 0.003194390058517456, -0.03791439609527588, -0.0002873241901397705, -0.04138706433475017, -0.004177279829978943, -0.04466166157722473, -0.007014695882797241, -0.04776452161669731, -0.010002525210380555, -0.0507087664604187, -0.012880995869636536, -0.05336527192989985, -0.014992394626140595, -0.05576078341404597, -0.018130827724933626, -0.05807150677839915, -0.019835805714130402, -0.06028425892194112, -0.02246186113357544, -0.06241045124133428, -0.024688624322414397, -0.0644987834294637, -0.013452964842319488, -0.06668319838047028, -0.015665207743644716, -0.06878042917251587, -0.017949640959501266, -0.07080709423224131, -0.0201665198802948, -0.0727553312222163, -0.02223753547668457, -0.07463336876233419, -0.02424721670150757, -0.07645101297696431, -0.026173839807510375, -0.07820529599984487, -0.028304066717624664, -0.07989975255330403, -0.030688838601112364, -0.0815450203259786, -0.03215621066093445, -0.08313891812960307, -0.03350246119499207, -0.08467981645266215, -0.03526367688179016, -0.08618346908092499, -0.03678544521331787, -0.08764051906267802, -0.03858120608329773, -0.08906287500063578, -0.040014172315597535, -0.09037085683345794, -0.04069166028499603, -0.09158096436659495, -0.04250365471839905, -0.0927623156229655, -0.043462730884552, -0.0939169560432434, -0.04473837316036224, -0.09504330875078837, -0.046120269775390625], "val_avg_negloglik": [10.366798567708333, 5.951366816711426, 0.9293008945147196, 0.34286002349853517, 0.12006265687743822, 0.09060687303543091, 0.028916525309284527, 0.08309705829620362, 0.019566643296182157, 0.07393585368990899, 0.01629378737906615, 0.054662208437919614, 0.008391284717122714, 0.04591111445426941, 0.0012486414114634195, 0.038666600704193116, -0.005214586495856444, 0.032785308361053464, -0.011100311151146888, 0.027390520095825197, -0.01649250422914823, 0.02131461489200592, -0.02144323772688707, 0.01628388547897339, -0.026012418069442114, 0.011514486491680145, -0.03025585809548696, 0.007571847796440124, -0.034211590013901394, 0.003194390058517456, -0.03791439609527588, -0.0002873241901397705, -0.04138706433475017, -0.004177279829978943, -0.04466166157722473, -0.007014695882797241, -0.04776452161669731, -0.010002525210380555, -0.0507087664604187, -0.012880995869636536, -0.05336527192989985, -0.014992394626140595, -0.05576078341404597, -0.018130827724933626, -0.05807150677839915, -0.019835805714130402, -0.06028425892194112, -0.02246186113357544, -0.06241045124133428, -0.024688624322414397, -0.0644987834294637, -0.013452964842319488, -0.06668319838047028, -0.015665207743644716, -0.06878042917251587, -0.017949640959501266, -0.07080709423224131, -0.0201665198802948, -0.0727553312222163, -0.02223753547668457, -0.07463336876233419, -0.02424721670150757, -0.07645101297696431, -0.026173839807510375, -0.07820529599984487, -0.028304066717624664, -0.07989975255330403, -0.030688838601112364, -0.0815450203259786, -0.03215621066093445, -0.08313891812960307, -0.03350246119499207, -0.08467981645266215, -0.03526367688179016, -0.08618346908092499, -0.03678544521331787, -0.08764051906267802, -0.03858120608329773, -0.08906287500063578, -0.040014172315597535, -0.09037085683345794, -0.04069166028499603, -0.09158096436659495, -0.04250365471839905, -0.0927623156229655, -0.043462730884552, -0.0939169560432434, -0.04473837316036224, -0.09504330875078837, -0.046120269775390625], "val_acc": [2.261061706542969, 1.9725108795166015, 0.22043925666809083, 0.05201382923126221, 0.045447277545928956, 0.040899394035339355, 0.03265763092041016, 0.02927686357498169, 0.02657690191268921, 0.024389642477035522, 0.022606598138809206, 0.02075068509578705, 0.019292449831962585, 0.01806087827682495, 0.0170960077047348, 0.01610245943069458, 0.015365137219429016, 0.01457205879688263, 0.014181021213531495, 0.013646043300628663, 0.013210710644721985, 0.012996701836585998, 0.012563649296760558, 0.012380065441131592, 0.012034857153892516, 0.011814412236213684, 0.01387964677810669, 0.013575104117393494, 0.013336572170257568, 0.013043841958045959, 0.012819228053092957, 0.012633398652076721, 0.012477752923965454, 0.012254141688346864, 0.012013470649719239, 0.011918376803398132, 0.011895105123519897, 0.0117211674451828, 0.011684980750083923, 0.011531083464622498, 0.011467240571975708, 0.011509757041931152, 0.011375979542732239, 0.011346625328063966, 0.011301721930503845, 0.011213595151901245], "test_avg_negloglik": -0.04725886845588684, "test_acc": 0.012124706983566285}
