{"epoch": [0, 1, 2, 3, 4, 5, 6, 7, 8, 9, 10, 11, 12, 13, 14, 15, 16, 17, 18, 19], "lr": [0.001, 0.0009000000000000001, 0.0009000000000000001, 0.0009000000000000001, 0.0009000000000000001, 0.0009000000000000001, 0.0009000000000000001, 0.0009000000000000001, 0.0009000000000000001, 0.0009000000000000001, 0.0009000000000000001, 0.0009000000000000001, 0.0009000000000000001, 0.0009000000000000001, 0.0009000000000000001, 0.0009000000000000001, 0.0009000000000000001, 0.0009000000000000001, 0.0009000000000000001, 0.0009000000000000001], "train_set": 860, "val_set": 79, "test_set": 157, "train_avg_negloglik": [6.237437932517312, 2.689087795049494, 2.1573867510708897, 1.8384911770907315, 1.600329616615989, 1.4277969215393067, 1.2658509152499111, 1.1454107825539328, 0.98979646654996, 0.891760461252386, 0.8185828620910645, 0.7634513476111672, 0.6825968309575862, 0.6241438378507441, 0.5836553485480221, 0.5295599632653323, 0.5059101457162337, 0.46429578775059094, 0.4148332140619105, 0.3940046930724924], "val_avg_negloglik": [3.2297526344299317, 2.870904039764404, 2.764170236968994, 2.7985666187286378, 2.587546181106567, 2.955174535369873, 3.3311204666137697, 4.063178324890137, 3.1449298065185545, 3.4019018226623534, 4.1526126998901365, 3.831264412689209, 2.924403871154785, 2.854180375671387, 3.8532952583312987, 4.112929054260254, 2.834501926422119, 3.4853745742797853, 4.341361825561523, 3.8995802398681643], "val_acc": [0.2586, 0.2678, 0.2268, 0.3326, 0.3982, 0.2898, 0.2778, 0.2456, 0.3088, 0.2954, 0.268, 0.2904, 0.3774, 0.362, 0.289, 0.261, 0.3378, 0.3198, 0.2676, 0.306]}
