{"epoch": [0, 1, 2, 3, 4, 5, 6, 7, 8, 9, 10, 11, 12, 13, 14, 15, 16, 17, 18, 19, 20, 21, 22, 23, 24, 25, 26, 27, 28, 29, 30, 31, 32, 33, 34, 35, 36, 37, 38, 39, 40, 41, 42, 43, 44, 45, 46, 47, 48, 49, 50, 51, 52, 53, 54, 55, 56, 57, 58, 59, 60, 61, 62, 63, 64, 65, 66, 67, 68, 69, 70, 71, 72, 73, 74, 75, 76, 77, 78, 79, 80, 81, 82, 83, 84, 85, 86, 87, 88, 89, 90, 91, 92, 93, 94, 95, 96, 97, 98, 99], "lr": [0.01, 0.009000000000000001, 0.009000000000000001, 0.009000000000000001, 0.009000000000000001, 0.009000000000000001, 0.009000000000000001, 0.009000000000000001, 0.009000000000000001, 0.009000000000000001, 0.009000000000000001, 0.009000000000000001, 0.009000000000000001, 0.009000000000000001, 0.009000000000000001, 0.009000000000000001, 0.009000000000000001, 0.009000000000000001, 0.009000000000000001, 0.009000000000000001, 0.009000000000000001, 0.008100000000000001, 0.008100000000000001, 0.008100000000000001, 0.008100000000000001, 0.008100000000000001, 0.008100000000000001, 0.008100000000000001, 0.008100000000000001, 0.008100000000000001, 0.008100000000000001, 0.008100000000000001, 0.008100000000000001, 0.008100000000000001, 0.008100000000000001, 0.008100000000000001, 0.008100000000000001, 0.008100000000000001, 0.008100000000000001, 0.008100000000000001, 0.008100000000000001, 0.007290000000000001, 0.007290000000000001, 0.007290000000000001, 0.007290000000000001, 0.007290000000000001, 0.007290000000000001, 0.007290000000000001, 0.007290000000000001, 0.007290000000000001, 0.007290000000000001, 0.007290000000000001, 0.007290000000000001, 0.007290000000000001, 0.007290000000000001, 0.007290000000000001, 0.007290000000000001, 0.007290000000000001, 0.007290000000000001, 0.007290000000000001, 0.007290000000000001, 0.006561000000000002, 0.006561000000000002, 0.006561000000000002, 0.006561000000000002, 0.006561000000000002, 0.006561000000000002, 0.006561000000000002, 0.006561000000000002, 0.006561000000000002, 0.006561000000000002, 0.006561000000000002, 0.006561000000000002, 0.006561000000000002, 0.006561000000000002, 0.006561000000000002, 0.006561000000000002, 0.006561000000000002, 0.006561000000000002, 0.006561000000000002, 0.006561000000000002, 0.005904900000000002, 0.005904900000000002, 0.005904900000000002, 0.005904900000000002, 0.005904900000000002, 0.005904900000000002, 0.005904900000000002, 0.005904900000000002, 0.005904900000000002, 0.005904900000000002, 0.005904900000000002, 0.005904900000000002, 0.005904900000000002, 0.005904900000000002, 0.005904900000000002, 0.005904900000000002, 0.005904900000000002, 0.005904900000000002, 0.005904900000000002], "train_set": 860, "val_set": 79, "test_set": 157, "train_avg_negloglik": [2.795719525562633, 2.465141431635076, 2.3891140078457918, 1.8823581086245451, 1.2868221550681374, 0.7791420884219082, 0.49127007851600646, 0.2827394836165688, 0.08700757674303922, -0.08861342993216081, -0.25556815476417544, -0.4039455894340168, -0.5247638692985881, -0.6456026466282931, -0.7262285555579445, -0.794632988244837, -0.8531834630272606, -0.9045092190135609, -0.9546140209544789, -0.9950420474659313, -1.0444352298736572, -1.0757810924183238, -1.1143537493272262, -1.138863574808294, -1.160693006550182, -1.1854121861544522, -1.220941810538552, -1.24101099208485, -1.2625058118646795, -1.273736007569053, -1.29771898207231, -1.32578275160356, -1.3266000421697444, -1.3480449478149414, -1.3587509662974964, -1.3663525982249867, -1.3879472265070134, -1.4029616611480713, -1.4120839865944603, -1.4288924071572044, -1.4324691099687057, -1.4509954980330033, -1.4639810076626865, -1.4748017255956476, -1.484636991812966, -1.5007458838029342, -1.4914365520824087, -1.5189366015347567, -1.5117661139748313, -1.5259551171042702, -1.5344227123607288, -1.5450007259715688, -1.5515174666664817, -1.5558390348261053, -1.5692454984491522, -1.570225174921209, -1.578611577536843, -1.5914731077020818, -1.5917623743924227, -1.599851569366455, -1.6156840026161887, -1.6143467599348589, -1.6236258991588246, -1.6297718400435015, -1.6288930481650612, -1.6353462123524058, -1.644092941977761, -1.6496663402210583, -1.6521463082747025, -1.649943596163663, -1.6574548996665261, -1.664109916825728, -1.6702850288391113, -1.6714050502430309, -1.679501120966131, -1.6820678156072444, -1.6912928823297675, -1.6923656068281694, -1.7026706187161533, -1.7069277379816228, -1.7100590041420676, -1.7149132773659446, -1.7229282843849876, -1.7217038830843838, -1.719242620710893, -1.7335033262772994, -1.726960043820468, -1.7378445201526989, -1.7311046646118164, -1.7436289998834784, -1.737317082491788, -1.7465484649658203, -1.751131314156272, -1.754368561970104, -1.7498316040732644, -1.7513968583540482, -1.7581685371398925, -1.7571978478171608, -1.7558990592956543, -1.7631670750011097], "val_avg_negloglik": [2.504166004180908, 2.4208043159484864, 2.213330108642578, 1.3690435636520386, 0.7057177890777588, 0.25758906054496766, -0.01805419898033142, -0.286402060508728, -0.421190172457695, -0.606913119316101, -0.7827789911746978, -0.8627524133682251, -0.9401493485450745, -1.0742608612060547, -1.140667782974243, -1.2106343698501587, -1.2437392017364501, -1.3116503356933593, -1.3326232706069947, -1.3491535751342774, -1.3706722648620606, -1.3989714141845704, -1.4539089040756226, -1.4832531156539916, -1.4953794647216796, -1.5252283214569091, -1.5424313369750977, -1.56169215259552, -1.5766362014770507, -1.5673451713562012, -1.594284036254883, -1.6347775170326233, -1.6387494102478026, -1.6206156520843507, -1.6529398403167725, -1.6608448669433593, -1.6399415609359742, -1.6669652544021607, -1.6827021480560302, -1.7120046703338623, -1.7065503707885743, -1.7169405574798584, -1.7235641466140748, -1.7403933528900146, -1.71109061794281, -1.7525642023086547, -1.7362863094329835, -1.7511940101623535, -1.7692278497695924, -1.7659544364929198, -1.7690104290008546, -1.7926694831848144, -1.7888553718566895, -1.7845579259872437, -1.7800895839691162, -1.8041349739074708, -1.7812191087722777, -1.8252556201934815, -1.7902729261398316, -1.8345417896270753, -1.8177671882629394, -1.8367708491325379, -1.8456906770706176, -1.8296708019256591, -1.8422357345581055, -1.8489175003051759, -1.8497218612670898, -1.8633991554260254, -1.8647421520233154, -1.8632032510757446, -1.869067746734619, -1.871391146850586, -1.8737445308685303, -1.8791824443817138, -1.8992832592010498, -1.8824295532226563, -1.8832812803268433, -1.8932761829376221, -1.8970170982360839, -1.9114770790100097, -1.9131709297180175, -1.9081344593048095, -1.9269300998687744, -1.9065691955566406, -1.9155638439178466, -1.9344185096740723, -1.9282211114883423, -1.9377785537719727, -1.9302561714172364, -1.9299130790710448, -1.9051587104797363, -1.9366465198516847, -1.9284854766845703, -1.930568705368042, -1.9389407459259034, -1.9391440246582032, -1.936700115966797, -1.9436588577270508, -1.9455209901809691, -1.9503637004852294], "val_acc": [0.0998, 0.0986, 0.2756, 0.5234, 0.6616, 0.8178, 0.835, 0.8572, 0.8718, 0.8868, 0.9008, 0.9, 0.9108, 0.9204, 0.9248, 0.9276, 0.9318, 0.9362, 0.9362, 0.9346, 0.9358, 0.9378, 0.9424, 0.945, 0.9478, 0.9436, 0.9484, 0.951, 0.9512, 0.9494, 0.9536, 0.9564, 0.9588, 0.9558, 0.9598, 0.9582, 0.961, 0.961, 0.962, 0.962, 0.965, 0.9638, 0.9652, 0.9658, 0.9652, 0.9658, 0.9648, 0.9638, 0.9676, 0.9678, 0.9698, 0.971, 0.9678, 0.9678, 0.9704, 0.9686, 0.9722, 0.9724, 0.9692, 0.9726, 0.9718, 0.9706, 0.973, 0.9704, 0.9722, 0.9712, 0.9722, 0.9748, 0.9742, 0.9738, 0.9726, 0.9744, 0.9738, 0.9736, 0.975, 0.9738, 0.9712, 0.9752, 0.9748, 0.9752, 0.975, 0.9736, 0.9766, 0.9748, 0.976, 0.9786, 0.9742, 0.977, 0.9756, 0.9744, 0.9734, 0.975, 0.9748, 0.9748, 0.977, 0.9762, 0.9744, 0.9764, 0.9788, 0.9782], "test_avg_negloglik": -1.9027801651000977, "test_acc": 0.9698}
