{"epoch": [0, 1, 2, 3, 4, 5, 6, 7, 8, 9, 10, 11, 12, 13, 14, 15, 16, 17, 18, 19, 20, 21, 22, 23, 24, 25, 26, 27, 28, 29, 30, 31, 32, 33, 34, 35, 36, 37, 38, 39, 40, 41, 42, 43, 44, 45, 46, 47, 48, 49, 50, 51, 52, 53, 54, 55, 56, 57, 58, 59, 60, 61, 62, 63, 64, 65, 66, 67, 68, 69, 70, 71, 72, 73, 74, 75, 76, 77, 78, 79, 80, 81, 82, 83, 84, 85, 86, 87, 88, 89, 90, 91, 92, 93, 94, 95, 96, 97, 98, 99], "lr": [0.01, 0.009000000000000001, 0.009000000000000001, 0.009000000000000001, 0.009000000000000001, 0.009000000000000001, 0.009000000000000001, 0.009000000000000001, 0.009000000000000001, 0.009000000000000001, 0.009000000000000001, 0.009000000000000001, 0.009000000000000001, 0.009000000000000001, 0.009000000000000001, 0.009000000000000001, 0.009000000000000001, 0.009000000000000001, 0.009000000000000001, 0.009000000000000001, 0.009000000000000001, 0.008100000000000001, 0.008100000000000001, 0.008100000000000001, 0.008100000000000001, 0.008100000000000001, 0.008100000000000001, 0.008100000000000001, 0.008100000000000001, 0.008100000000000001, 0.008100000000000001, 0.008100000000000001, 0.008100000000000001, 0.008100000000000001, 0.008100000000000001, 0.008100000000000001, 0.008100000000000001, 0.008100000000000001, 0.008100000000000001, 0.008100000000000001, 0.008100000000000001, 0.007290000000000001, 0.007290000000000001, 0.007290000000000001, 0.007290000000000001, 0.007290000000000001, 0.007290000000000001, 0.007290000000000001, 0.007290000000000001, 0.007290000000000001, 0.007290000000000001, 0.007290000000000001, 0.007290000000000001, 0.007290000000000001, 0.007290000000000001, 0.007290000000000001, 0.007290000000000001, 0.007290000000000001, 0.007290000000000001, 0.007290000000000001, 0.007290000000000001, 0.006561000000000002, 0.006561000000000002, 0.006561000000000002, 0.006561000000000002, 0.006561000000000002, 0.006561000000000002, 0.006561000000000002, 0.006561000000000002, 0.006561000000000002, 0.006561000000000002, 0.006561000000000002, 0.006561000000000002, 0.006561000000000002, 0.006561000000000002, 0.006561000000000002, 0.006561000000000002, 0.006561000000000002, 0.006561000000000002, 0.006561000000000002, 0.006561000000000002, 0.005904900000000002, 0.005904900000000002, 0.005904900000000002, 0.005904900000000002, 0.005904900000000002, 0.005904900000000002, 0.005904900000000002, 0.005904900000000002, 0.005904900000000002, 0.005904900000000002, 0.005904900000000002, 0.005904900000000002, 0.005904900000000002, 0.005904900000000002, 0.005904900000000002, 0.005904900000000002, 0.005904900000000002, 0.005904900000000002, 0.005904900000000002], "train_set": 860, "val_set": 79, "test_set": 157, "train_avg_negloglik": [2.616029226892645, 2.4234754601218484, 2.3760136741638185, 2.3533935382496227, 2.3348180014870383, 2.3226460499850186, 2.3138920491998847, 2.3062076021367854, 2.2996344948508525, 2.294987546608665, 2.2877249850880017, 2.269736085094105, 1.5432541989413175, 0.9562839750463312, 0.6472793895894831, 0.43109854376099327, 0.260802644811977, 0.11328347796743567, -0.026190309101343155, -0.1355568540042097, -0.2559144288832491, -0.372400177340074, -0.44494103199785406, -0.5175691034858877, -0.588495576581088, -0.6613692964076996, -0.6954475809444081, -0.7338125124237754, -0.7685583567575975, -0.8040390754699707, -0.8388385630520907, -0.871555033900521, -0.8981777541073885, -0.9266804959037087, -0.9410161984877153, -0.6268043789386749, -0.9099075433991172, -0.9687343053470958, -0.9921013956243342, -1.0117441839564931, -1.0304034597917036, -1.043144911332564, -1.0597767851742832, -1.067517418046431, -1.0886689365386963, -1.0982712225827305, -1.1040337594118985, -1.1256633221886374, -1.1318957969665526, -1.1503375156055797, -1.1565552499944514, -1.1644173456712203, -1.1706460263685747, -1.1731840390985662, -1.1922709317294033, -1.1902482806812633, -1.200264964953336, -1.2170251384041526, -1.2196001258156517, -1.2161582377000288, -1.2239990014856512, -1.2338192087693647, -1.2400622572465376, -1.243554965175282, -1.2499193035472522, -1.2589890051408248, -1.2608605176405474, -1.2697323772777211, -1.272636261992021, -1.2683761260986328, -1.2741126304973256, -1.2842197213953193, -1.2915059531471946, -1.2828308208118786, -1.2816571721857244, -1.2977818778991699, -1.2898695162686435, -1.2950685495203191, -1.2976604279951616, -1.3040226171320135, -1.3057839427601208, -1.306157977849787, -1.3101139108831232, -1.3147596556923606, -1.320085091608221, -1.319947975990989, -1.318865872781927, -1.3189282051780007, -1.309549118458141, -1.31733798828125, -1.3239945368680086, -1.3332588249206543, -1.3306834184126421, -1.3304712996049362, -1.3229150960055265, -1.3288444625854492, -1.3279200815374201, -1.3232910804748534, -1.3349174428072843, -1.348540871776234], "val_avg_negloglik": [2.4635794136047364, 2.3855901905059813, 2.3666313442230225, 2.336634698486328, 2.338037518692017, 2.3207761600494385, 2.314135383605957, 2.3049913162231443, 2.2912199962615967, 2.2875630344390867, 2.298421932220459, 2.0742272117614746, 0.8638871620178222, 0.4951347357749939, 0.16371659886837006, 0.0001292799711227417, -0.20580804183483123, -0.33778650925159454, -0.4755830688714981, -0.6214286849975585, -0.7136445887565612, -0.8159296646118164, -0.8706319078445435, -0.9291669677019119, -0.9755087076187133, -1.0780941654205323, -1.055655641555786, -1.134663073158264, -1.1515012958526611, -1.2097025949478148, -1.2273745079040528, -1.2481158012390137, -1.2756931856155396, -1.289825012588501, -1.3321630623340606, -1.1168001401901244, -1.311154122543335, -1.3660352800369262, -1.3699570188045502, -1.361858515548706, -1.3204134910583496, -1.3729745767593384, -1.4209516302108764, -1.4135299530029297, -1.3978919792175293, -1.4628498094558715, -1.375535252380371, -1.4477240167617798, -1.4526636116027831, -1.4883122396469117, -1.486542877960205, -1.4905261014938354, -1.4782260318756104, -1.4813891738891602, -1.502929970741272, -1.517302233314514, -1.481176851272583, -1.5034583871841432, -1.5464897706985474, -1.530528529548645, -1.5533045413970947, -1.5342129936218263, -1.5387788637161255, -1.5214170959472657, -1.5305726959228516, -1.5468546100616456, -1.566250104522705, -1.565193855857849, -1.5682244749069214, -1.5022217807769775, -1.577175756072998, -1.5740043872833251, -1.5799360246658325, -1.575255595779419, -1.5501468700408936, -1.581244485092163, -1.6081269519805907, -1.5817420333862304, -1.606913466644287, -1.5993044982910156, -1.5946244151115418, -1.606212091064453, -1.5748035930633546, -1.5143875818252563, -1.5960188179016113, -1.599610094833374, -1.6266421346664428, -1.597594528388977, -1.606348350906372, -1.5432650415420532, -1.6142411144256592, -1.623625305557251, -1.5887808773040772, -1.6272362924575805, -1.6078647868156433, -1.5839575874328613, -1.6199569805145264, -1.6119069797515868, -1.6270183973312378, -1.6227671619415283], "val_acc": [0.0964, 0.0988, 0.0986, 0.0964, 0.106, 0.0964, 0.0986, 0.106, 0.106, 0.0964, 0.106, 0.3186, 0.6528, 0.7358, 0.8024, 0.8198, 0.8506, 0.8534, 0.8612, 0.8842, 0.887, 0.899, 0.9024, 0.9022, 0.9014, 0.9126, 0.909, 0.9138, 0.9128, 0.9192, 0.9188, 0.9234, 0.9232, 0.921, 0.9244, 0.9048, 0.9212, 0.928, 0.9298, 0.9238, 0.917, 0.924, 0.9328, 0.9278, 0.925, 0.933, 0.9224, 0.9314, 0.932, 0.9334, 0.9364, 0.9334, 0.9332, 0.9302, 0.9352, 0.9348, 0.9336, 0.9324, 0.9388, 0.9364, 0.9372, 0.937, 0.9384, 0.9362, 0.9376, 0.9388, 0.9388, 0.9388, 0.9364, 0.9306, 0.9398, 0.9384, 0.94, 0.9412, 0.94, 0.9374, 0.9442, 0.942, 0.942, 0.9428, 0.941, 0.9428, 0.9374, 0.9312, 0.9392, 0.94, 0.9426, 0.9392, 0.941, 0.9334, 0.9394, 0.942, 0.9378, 0.9402, 0.9402, 0.9406, 0.942, 0.94, 0.9408, 0.9418], "test_avg_negloglik": -1.5629356735229492, "test_acc": 0.9336}
