{"epoch": [0, 1, 2], "lr": [0.01, 0.009000000000000001, 0.009000000000000001], "train_set": 860, "val_set": 79, "test_set": 157, "train_avg_negloglik": [4.071785397893732, 2.4778199804132637, 2.4394493366588246], "val_avg_negloglik": [2.5620952648162842, 2.48329044380188, 2.4132139469146727], "val_acc": [0.1018, 0.106, 0.0986]}
